INSERT INTO agents VALUES('00001','120','Scott Boras','18745');
INSERT INTO agents VALUES('00002','85','Casey Close','14569');
INSERT INTO agents VALUES('00003','63','Sam Levinson','39001');
INSERT INTO agents VALUES('00004','44','Joel Wolfe','98521');
INSERT INTO agents VALUES('00005','98','Adam Katz','32652');
INSERT INTO agents VALUES('00006','26','Dan Lozano','28596');
INSERT INTO agents VALUES('00007','78','Scott Pucino','88887');
INSERT INTO agents VALUES('00008','39','Brodie Van Wagenen','38965');

INSERT INTO coach VALUES('00001','Manager','Alex Cora','00001');
INSERT INTO coach VALUES('00002','Manager','Brandon Hyde','00002');
INSERT INTO coach VALUES('00003','Manager','Charlie Montoyo','00003');
INSERT INTO coach VALUES('00004','Manager','Kevin Cash','00004');
INSERT INTO coach VALUES('00005','Manager','Aaron Boone','00005');
INSERT INTO coach VALUES('10001','Pitching Coach','Dana LeVangie','00001');
INSERT INTO coach VALUES('20007','Hitting Coach','Tim Hyers','00001');
INSERT INTO coach VALUES('20015','Hitting Coach','Marcus Thames','00005');

INSERT INTO field VALUES('10000','99000','1912','37755','Fenway Park','00001');
INSERT INTO field VALUES('10001','110000','1992','45971','Camden Park','00002');
INSERT INTO field VALUES('10002','120000','1989','49282','Rogers Centre','00003');
INSERT INTO field VALUES('10003','105000','1990','25000','Tropicana Field','00004');
INSERT INTO field VALUES('10004','100000','2009','347309','Yankee Stadium','00005');

INSERT INTO game VALUES('12345','Red Sox','Yankees','2018-06-15','74','00001');
INSERT INTO game VALUES('12346','Blue Jays','Rays','2018-06-15','62','00003');
INSERT INTO game VALUES('12347','Orioles','Red Sox','2018-06-16','77','00002');
INSERT INTO game VALUES('12348','Yankees','Blue Jays','2018-06-16','82','00005');
INSERT INTO game VALUES('12349','Rays','Orioles','2018-06-17','96','00004');
INSERT INTO game VALUES('12350','Red Sox','Blue Jays','2018-06-17','78','00001');
INSERT INTO game VALUES('12351','Yankees','Rays','2018-06-18','81','00005');
INSERT INTO game VALUES('12352','Orioles','Blue Jays','2018-06-18','68','00002');
INSERT INTO game VALUES('12353','Blue Jays','Yankees','2018-06-19','74','00003');
INSERT INTO game VALUES('12354','Rays','Red Sox','2018-06-19','86','00004');
INSERT INTO game VALUES('12355','Red Sox','Yankees','2018-06-20','77','00001');
INSERT INTO game VALUES('12356','Blue Jays','Rays','2018-06-20','72','00003');

INSERT INTO mascot VALUES('11111','2000','00001');
INSERT INTO mascot VALUES('22222','1998','00002');
INSERT INTO mascot VALUES('33333','1999','00003');
INSERT INTO mascot VALUES('44444','2003','00004');
INSERT INTO mascot VALUES('55555','2010','00005');

INSERT INTO team VALUES('00001','John Henry','Boston','1901','39-19','8','222000000','10000');
INSERT INTO team VALUES('00002','Peter Angelos','Baltimore','1901','17-40','3','62000000','10001');
INSERT INTO team VALUES('00003','Rogers Communications','Toronto','1977','25-32','2','106000000','10002');
INSERT INTO team VALUES('00004','Stuart Sternberg','Tampa Bay','1998','28-28','0','51000000','10003');
INSERT INTO team VALUES('00005','Hal Steinbrenner','New York City','1903','36-18','27','208000000','10004');

INSERT INTO player VALUES('14569','50','Mookie Betts','26','RF','5','R','USA','00001');
INSERT INTO player VALUES('18745','28','J.D. Martinez','29','DH','8','R','USA','00001');
INSERT INTO player VALUES('98521','41','Chris Sale','30','P','8','L','USA','00001');
INSERT INTO player VALUES('19746','99','Aaron Judge','25','RF','3','R','USA','00005');
INSERT INTO player VALUES('22546','40','Luis Severino','25','P','3','R','Dominican Republic','00005');
INSERT INTO player VALUES('28596','27','Giancarlo Stanton','28','LF','7','R','USA','00005',);
INSERT INTO player VALUES('29687','4','Blake Snell','24','P','3','L','USA','00004','USA');
INSERT INTO player VALUES('32652','39','Kevin Kieamaier','28','CF','8','R','USA','00004');
INSERT INTO player VALUES('32789','19','Chris Davis','31','DH','9','R','USA','00002',);
INSERT INTO player VALUES('36545','45','Mark Trumbo','34','1B','11','L','USA','00002');
INSERT INTO player VALUES('38965','37','Dylan Bundy','27','P','6','L','USA','00002');
INSERT INTO player VALUES('39001','25','Ji-man Choi','26','DH','3','R','South Korea','00004');
INSERT INTO player VALUES('75698','6','Marcus Stroman','28','P','6','R','USA','00003');
INSERT INTO player VALUES('45621','11','Kevin Pillar','27','CF','6','R','USA','00003');
INSERT INTO player VALUES('88887','14','Justin Smoak','29','1B','8','R','USA','00003');

INSERT INTO worker VALUES('26526','Michael Scott','Ticketing','4','00001');
INSERT INTO worker VALUES('26527','Barney Stinson','Laundry','3','00001');
INSERT INTO worker VALUES('28569','Michael Kelso','Field Worker','6','00002');
INSERT INTO worker VALUES('28570','Eric Forman','Field Worker','9','00002');
INSERT INTO worker VALUES('27185','Van Montgomery','Superintendent','22','00003');
INSERT INTO worker VALUES('26984','Marshall Eriksen','Announcer','12','00004');
INSERT INTO worker VALUES('30001','Ted Mosby','Play-by-Play Commentator','30','00005');